"Status","Start Time","Stop Time","Duration in ms","Parent Suite","Suite","Sub Suite","Test Class","Test Method","Name","Description"
"broken","Fri Mar 31 22:13:53 CST 2023","Fri Mar 31 22:13:53 CST 2023","0","testcase","test_login","TestLogin","","","test_login",""
"broken","Mon Apr 10 21:42:46 CST 2023","Mon Apr 10 21:42:47 CST 2023","102","testcase","test_proJects","TestProJects","","","test_projects[getData1]",""
"failed","Mon Apr 10 21:42:46 CST 2023","Mon Apr 10 21:42:46 CST 2023","110","testcase","test_login","TestLogin","","","test_login[getData0]",""
"broken","Mon Apr 10 21:42:46 CST 2023","Mon Apr 10 21:42:46 CST 2023","10","testcase","test_changjing","TestChangJing","","","test_changjing_01",""
"broken","Mon Apr 10 21:42:46 CST 2023","Mon Apr 10 21:42:46 CST 2023","75","testcase","test_proJects","TestProJects","","","test_projects[getData0]",""
"broken","Fri Mar 31 22:16:12 CST 2023","Fri Mar 31 22:16:12 CST 2023","0","testcase","test_login","TestLogin","","","test_login[postData0]",""
"broken","Fri Mar 31 22:16:12 CST 2023","Fri Mar 31 22:16:12 CST 2023","0","testcase","test_login","TestLogin","","","test_login[postData2]",""
"failed","Mon Apr 10 21:42:46 CST 2023","Mon Apr 10 21:42:46 CST 2023","219","testcase","test_login","TestLogin","","","test_login[getData1]",""
"broken","Fri Mar 31 22:16:12 CST 2023","Fri Mar 31 22:16:12 CST 2023","0","testcase","test_login","TestLogin","","","test_login[postData1]",""
"failed","Mon Apr 10 21:42:46 CST 2023","Mon Apr 10 21:42:46 CST 2023","84","testcase","test_login","TestLogin","","","test_login[getData2]",""
"broken","Mon Apr 10 21:42:47 CST 2023","Mon Apr 10 21:42:47 CST 2023","134","testcase","test_proJects","TestProJects","","","test_projects[getData2]",""
